,index,c2 distance,affinity,dist from best mode - rmsd - ub,dist from best mode - lb,name
0,1,9.122427637421959,-9.2,0.0,0.0,bm3_A184A
1,9,9.442362469212881,-8.9,3.1510000000000002,8.211,bm3_A184A
2,8,11.166148530267723,-8.9,3.35,5.2010000000000005,bm3_A184A
3,7,12.651834096288175,-8.6,4.396,6.159,bm3_A184A
4,3,7.954490932800163,-8.6,1.858,2.4219999999999997,bm3_A184A
5,5,8.982202458194761,-8.6,3.0410000000000004,4.715,bm3_A184A
6,2,8.068648833602811,-8.5,2.5869999999999997,4.224,bm3_A184A
7,6,5.005359827225212,-8.5,2.116,3.972,bm3_A184A
8,4,13.874737511030615,-8.2,4.433,6.222,bm3_A184A
9,1,8.233473386123258,-8.7,0.0,0.0,bm3_A264A
10,9,9.077007160953437,-8.5,3.2060000000000004,7.861000000000001,bm3_A264A
11,8,11.87545855956729,-8.4,4.7669999999999995,9.638,bm3_A264A
12,7,10.126693981749423,-8.4,2.495,4.785,bm3_A264A
13,3,9.21602837452229,-8.3,1.714,2.34,bm3_A264A
14,5,11.006098309573652,-8.3,3.392,5.882000000000001,bm3_A264A
15,2,10.717220208617531,-8.1,3.688,8.548,bm3_A264A
16,6,10.61834459791167,-7.8,2.8489999999999998,5.132999999999999,bm3_A264A
17,4,12.67670106928455,-7.8,4.426,6.994,bm3_A264A
18,1,8.01790708352248,-8.7,0.0,0.0,bm3_A328A
19,9,8.386781385012965,-8.6,3.252,7.89,bm3_A328A
20,8,10.42767116857834,-8.4,3.616,8.024,bm3_A328A
21,7,9.238637237168692,-8.3,1.984,3.2030000000000003,bm3_A328A
22,3,12.555571910510489,-8.3,4.513999999999999,7.024,bm3_A328A
23,5,10.460061711099032,-8.2,2.813,5.024,bm3_A328A
24,2,8.930885286465168,-8.0,1.749,2.6489999999999996,bm3_A328A
25,6,11.374170079614599,-8.0,3.72,6.17,bm3_A328A
26,4,12.56508189388354,-7.9,4.067,6.602,bm3_A328A
27,1,8.279418035103674,-8.8,0.0,0.0,bm3_A330A
28,9,13.415143308962449,-8.5,4.282,6.809,bm3_A330A
29,8,11.008388119974697,-8.4,3.5469999999999997,6.053,bm3_A330A
30,7,10.812387941615858,-8.3,3.216,5.524,bm3_A330A
31,3,12.695203385531089,-8.3,4.41,6.981,bm3_A330A
32,5,10.983312842671832,-8.0,3.134,5.565,bm3_A330A
33,2,10.635147295641936,-7.8,3.734,8.697000000000001,bm3_A330A
34,6,11.407073507258554,-7.8,4.609,9.49,bm3_A330A
35,4,14.095374737835103,-7.7,4.46,7.346,bm3_A330A
36,1,10.474843053716844,-9.3,0.0,0.0,bm3_A74A
37,9,12.37477878590159,-9.1,3.952,10.665999999999999,bm3_A74A
38,8,10.431015578552262,-9.1,1.922,2.472,bm3_A74A
39,7,11.244977767874865,-9.1,2.137,3.105,bm3_A74A
40,3,11.182503029286421,-8.9,3.614,10.277000000000001,bm3_A74A
41,5,11.086505175211888,-8.7,1.996,2.68,bm3_A74A
42,2,10.532924047955534,-8.6,3.315,9.735,bm3_A74A
43,6,9.058853073099266,-8.6,3.156,9.18,bm3_A74A
44,4,14.267242130138538,-8.5,4.412,10.716,bm3_A74A
45,1,8.329404480513597,-8.7,0.0,0.0,bm3_D80A
46,9,12.093048044227723,-8.5,3.79,6.579,bm3_D80A
47,8,8.031546177418141,-8.4,2.248,4.195,bm3_D80A
48,7,10.833218589135917,-8.4,4.493,9.479,bm3_D80A
49,3,10.682047509723967,-8.3,3.714,8.724,bm3_D80A
50,5,11.171850741931706,-7.9,3.352,5.903,bm3_D80A
51,2,9.17113417195496,-7.9,1.693,2.302,bm3_D80A
52,6,8.525744190391826,-7.8,2.439,4.553999999999999,bm3_D80A
53,4,10.477568706527292,-7.8,2.7239999999999998,4.961,bm3_D80A
54,1,8.370841594487377,-8.6,0.0,0.0,bm3_D84A
55,9,6.4598159416503504,-8.5,2.166,4.345,bm3_D84A
56,8,11.162886275511365,-8.3,4.417,9.326,bm3_D84A
57,7,14.22689639380283,-8.3,4.404,7.202999999999999,bm3_D84A
58,3,11.210116591721961,-8.3,3.323,5.867999999999999,bm3_D84A
59,5,10.51246431622957,-8.3,3.092,5.327999999999999,bm3_D84A
60,2,10.496168300861031,-8.3,3.592,8.552999999999999,bm3_D84A
61,6,10.216790738778982,-8.2,2.548,4.811,bm3_D84A
62,4,8.123655396433307,-7.7,2.167,4.181,bm3_D84A
63,1,12.647957700751533,-9.9,0.0,0.0,bm3_DM
64,9,11.181190723710957,-9.7,3.741,10.792,bm3_DM
65,8,10.145353419176681,-9.6,2.6510000000000002,4.378,bm3_DM
66,7,12.630878789696306,-9.3,1.4369999999999998,1.849,bm3_DM
67,3,10.662474900322158,-9.3,4.35,10.753,bm3_DM
68,5,11.187673305920226,-9.2,2.165,3.109,bm3_DM
69,2,13.915517453548036,-9.2,1.6540000000000001,2.003,bm3_DM
70,6,10.680745151907708,-9.1,2.807,4.167,bm3_DM
71,4,11.877662059513227,-9.1,3.647,10.481,bm3_DM
72,1,8.244270313375223,-8.7,0.0,0.0,bm3_E267A
73,9,9.553875287023585,-8.5,2.915,7.688,bm3_E267A
74,8,12.494518718222002,-8.4,3.987,6.516,bm3_E267A
75,7,11.813548196879717,-8.3,4.516,9.43,bm3_E267A
76,3,12.852752039932927,-8.1,4.394,7.025,bm3_E267A
77,5,10.3417384418675,-7.9,3.043,5.462999999999999,bm3_E267A
78,2,10.600967786008974,-7.8,3.5389999999999997,8.488,bm3_E267A
79,6,11.286991494636645,-7.6,4.405,9.377,bm3_E267A
80,4,11.1420253544856,-7.6,3.355,5.867000000000001,bm3_E267A
81,1,8.273074942244872,-8.7,0.0,0.0,bm3_F331A
82,9,10.77293400146868,-8.5,4.501,9.443999999999999,bm3_F331A
83,8,9.728964230584877,-8.4,2.9810000000000003,7.7829999999999995,bm3_F331A
84,7,10.251414585314555,-8.3,3.062,5.359,bm3_F331A
85,3,10.482626436156158,-8.3,2.781,5.044,bm3_F331A
86,5,12.80549030689571,-8.2,4.481,7.031000000000001,bm3_F331A
87,2,10.636786638830356,-8.1,3.677,8.609,bm3_F331A
88,6,10.724741348862452,-8.1,4.021,8.972000000000001,bm3_F331A
89,4,11.012314970068736,-8.0,3.3569999999999998,5.8660000000000005,bm3_F331A
90,1,8.386779715719257,-8.6,0.0,0.0,bm3_F77A
91,9,10.727542589055519,-8.5,4.412,9.419,bm3_F77A
92,8,10.605111456274281,-8.4,4.447,9.478,bm3_F77A
93,7,10.795782602479544,-8.3,3.338,5.901,bm3_F77A
94,3,9.188756063798843,-8.3,1.669,2.25,bm3_F77A
95,5,10.28162000853951,-8.2,2.535,4.808,bm3_F77A
96,2,10.573666393451234,-8.1,3.659,8.693999999999999,bm3_F77A
97,6,12.911553392214277,-8.0,4.3660000000000005,6.947,bm3_F77A
98,4,11.189940929245337,-8.0,3.292,5.801,bm3_F77A
99,1,8.332777508130167,-8.7,0.0,0.0,bm3_F81A
100,9,9.540685771997735,-8.5,3.6919999999999997,8.753,bm3_F81A
101,8,10.62398465736844,-8.4,3.487,8.067,bm3_F81A
102,7,11.134521318853361,-8.4,4.479,9.362,bm3_F81A
103,3,10.738993481700229,-8.3,3.77,8.765,bm3_F81A
104,5,12.676931095497835,-8.1,4.346,6.905,bm3_F81A
105,2,9.079632206207474,-8.1,1.7069999999999999,2.306,bm3_F81A
106,6,9.633056057139912,-7.8,1.524,1.845,bm3_F81A
107,4,11.039275202657102,-7.8,3.323,5.8229999999999995,bm3_F81A
108,1,10.47255031021575,-9.1,0.0,0.0,bm3_F82A
109,9,10.878244757312643,-9.0,4.018,10.47,bm3_F82A
110,8,8.932162839984501,-8.9,4.391,7.138999999999999,bm3_F82A
111,7,4.847325138671841,-8.9,3.069,4.824,bm3_F82A
112,3,10.526008312746098,-8.9,3.2769999999999997,9.698,bm3_F82A
113,5,10.160012450779773,-8.9,3.842,10.152000000000001,bm3_F82A
114,2,8.195442330954442,-8.7,3.339,8.798,bm3_F82A
115,6,12.821766102998446,-8.7,4.352,10.698,bm3_F82A
116,4,11.008691384537947,-8.7,3.5610000000000004,10.176,bm3_F82A
117,1,10.568822687508764,-9.1,0.0,0.0,bm3_G46A
118,9,16.09420519938776,-9.0,3.8539999999999996,7.195,bm3_G46A
119,8,5.915893423651241,-8.9,3.778,8.43,bm3_G46A
120,7,12.682117252257214,-8.8,3.161,4.812,bm3_G46A
121,3,10.55105274368392,-8.7,3.577,10.033999999999999,bm3_G46A
122,5,11.121695644100319,-8.6,2.062,2.6910000000000003,bm3_G46A
123,2,11.143689290356223,-8.5,3.6180000000000003,10.3,bm3_G46A
124,6,10.676561150482865,-8.5,1.7169999999999999,2.35,bm3_G46A
125,4,12.693500423445062,-8.5,3.877,10.710999999999999,bm3_G46A
126,1,8.250821898453513,-8.5,0.0,0.0,bm3_G83A
127,9,10.214122135553305,-8.4,2.6639999999999997,4.66,bm3_G83A
128,8,11.56524552268563,-8.3,4.505,9.59,bm3_G83A
129,7,10.250527498621718,-8.2,4.369,9.366,bm3_G83A
130,3,11.105692279187283,-8.2,3.2430000000000003,5.742999999999999,bm3_G83A
131,5,12.73855882743413,-8.0,4.29,6.9079999999999995,bm3_G83A
132,2,10.652616439166485,-7.9,3.6919999999999997,8.712,bm3_G83A
133,6,10.662013552795738,-7.9,4.388,9.357000000000001,bm3_G83A
134,4,7.616207455157718,-7.8,2.977,7.7410000000000005,bm3_G83A
135,1,8.359065198932235,-8.7,0.0,0.0,bm3_G85A
136,9,8.022182558381479,-8.5,2.2319999999999998,4.24,bm3_G85A
137,8,10.845237341801239,-8.4,4.2860000000000005,9.235,bm3_G85A
138,7,9.147506818800409,-8.4,3.3310000000000004,8.383,bm3_G85A
139,3,10.568511200732106,-8.3,2.7560000000000002,5.025,bm3_G85A
140,5,14.203663013462407,-8.2,4.361000000000001,6.986000000000001,bm3_G85A
141,2,9.226102752516905,-8.1,1.744,2.403,bm3_G85A
142,6,7.5241845405332795,-8.0,2.975,7.775,bm3_G85A
143,4,10.997616150784678,-7.8,3.241,5.7829999999999995,bm3_G85A
144,1,8.478466193834825,-8.6,0.0,0.0,bm3_I263A
145,9,6.718617342876435,-8.5,2.083,4.494,bm3_I263A
146,8,8.471046452475633,-8.5,3.84,8.238,bm3_I263A
147,7,11.029916998781086,-8.5,4.638999999999999,9.591000000000001,bm3_I263A
148,3,8.976011753557366,-8.0,1.591,2.175,bm3_I263A
149,5,9.520765200339728,-7.9,2.395,6.108,bm3_I263A
150,2,10.16078623926318,-7.9,2.6889999999999996,4.8660000000000005,bm3_I263A
151,6,6.229764923333784,-7.9,2.042,4.016,bm3_I263A
152,4,12.842204483654664,-7.8,4.637,7.131,bm3_I263A
153,1,9.08457296739918,-9.3,0.0,0.0,bm3_K76A
154,9,10.54311457777065,-9.2,3.35,8.644,bm3_K76A
155,8,11.173573376498675,-8.9,3.363,5.199,bm3_K76A
156,7,11.686196002121477,-8.7,3.846,5.471,bm3_K76A
157,3,8.19327480315411,-8.7,1.68,2.195,bm3_K76A
158,5,9.123086593911077,-8.7,3.1189999999999998,4.776,bm3_K76A
159,2,8.547871138476525,-8.7,2.612,4.368,bm3_K76A
160,6,14.104246665455054,-8.6,4.462,6.18,bm3_K76A
161,4,12.648038029670847,-8.5,4.3919999999999995,6.154,bm3_K76A
162,1,9.15169328594441,-8.9,0.0,0.0,bm3_L181A
163,9,5.615317711403336,-8.8,3.2110000000000003,7.178,bm3_L181A
164,8,11.28341557330935,-8.7,3.591,5.388999999999999,bm3_L181A
165,7,8.850768215245497,-8.7,1.131,1.8459999999999999,bm3_L181A
166,3,7.649264409078821,-8.6,2.3409999999999997,4.369,bm3_L181A
167,5,10.771714069729109,-8.6,3.715,9.097000000000001,bm3_L181A
168,2,4.775213293665529,-8.5,2.19,4.57,bm3_L181A
169,6,10.115845540536883,-8.4,2.888,4.753,bm3_L181A
170,4,12.6745373880075,-8.4,4.315,6.187,bm3_L181A
171,1,8.161863819006049,-8.7,0.0,0.0,bm3_L188A
172,9,10.683102077580276,-8.5,4.183,8.993,bm3_L188A
173,8,10.763503565289511,-8.3,2.967,5.462999999999999,bm3_L188A
174,7,10.641025044609188,-8.3,2.927,5.301,bm3_L188A
175,3,10.692008838380186,-8.2,3.68,8.531,bm3_L188A
176,5,11.171464049085062,-8.1,3.57,6.091,bm3_L188A
177,2,9.070982306233432,-8.0,1.77,2.489,bm3_L188A
178,6,12.113606936003825,-7.9,4.149,6.655,bm3_L188A
179,4,8.119230751739972,-7.7,2.022,3.969,bm3_L188A
180,1,8.804131927680318,-8.9,0.0,0.0,bm3_L437A
181,9,9.204962900522741,-8.8,3.375,8.427,bm3_L437A
182,8,11.127296032729605,-8.7,3.361,5.234,bm3_L437A
183,7,10.304773165868331,-8.5,3.327,5.138999999999999,bm3_L437A
184,3,7.975897817800825,-8.5,2.535,4.2010000000000005,bm3_L437A
185,5,14.07423564532014,-8.3,4.4719999999999995,6.223,bm3_L437A
186,2,8.742443308366376,-8.2,2.049,2.628,bm3_L437A
187,6,8.835885467795517,-8.2,3.04,4.721,bm3_L437A
188,4,10.339127477693657,-8.1,1.244,2.099,bm3_L437A
189,1,8.200810325815368,-8.8,0.0,0.0,bm3_L52A
190,9,10.33109911868045,-8.5,3.068,7.4239999999999995,bm3_L52A
191,8,9.090366439258652,-8.5,1.895,3.0389999999999997,bm3_L52A
192,7,7.511122685724151,-8.3,2.8480000000000003,7.406000000000001,bm3_L52A
193,3,10.733487690401477,-8.2,3.767,8.522,bm3_L52A
194,5,11.323419050799101,-8.0,3.6910000000000003,6.141,bm3_L52A
195,2,12.830526606495932,-8.0,4.688,7.2010000000000005,bm3_L52A
196,6,10.60676906508292,-7.9,3.258,5.569,bm3_L52A
197,4,10.224114876115195,-7.8,2.6689999999999996,4.919,bm3_L52A
198,1,6.426139743267338,-9.1,0.0,0.0,bm3_L75A
199,9,10.056330394333711,-9.0,3.446,7.263999999999999,bm3_L75A
200,8,11.04393340255183,-8.9,4.4239999999999995,6.571000000000001,bm3_L75A
201,7,11.088618895065336,-8.6,4.377,6.85,bm3_L75A
202,3,8.640378348197489,-8.4,2.035,4.021,bm3_L75A
203,5,9.0182860344968,-8.3,1.9140000000000001,3.923,bm3_L75A
204,2,9.685787939037278,-8.3,1.959,3.855,bm3_L75A
205,6,12.990276248024903,-8.3,5.395,7.7989999999999995,bm3_L75A
206,4,9.459431748260567,-8.2,2.0909999999999997,3.8169999999999997,bm3_L75A
207,1,8.199828595769546,-8.8,0.0,0.0,bm3_L86A
208,9,11.004783141888803,-8.4,4.512,9.237,bm3_L86A
209,8,8.549577416457494,-8.4,2.815,7.3629999999999995,bm3_L86A
210,7,9.571250754211803,-8.3,2.654,4.724,bm3_L86A
211,3,12.878113604095903,-8.2,4.6419999999999995,7.206,bm3_L86A
212,5,11.35936996492323,-8.0,3.662,6.181,bm3_L86A
213,2,10.536000427107052,-7.9,3.5610000000000004,8.411,bm3_L86A
214,6,11.931454437745636,-7.9,3.943,6.784,bm3_L86A
215,4,10.365663895766637,-7.8,2.773,5.035,bm3_L86A
216,1,8.289802048300068,-8.7,0.0,0.0,bm3_M177A
217,9,8.261592582547266,-8.5,3.405,7.987,bm3_M177A
218,8,10.838018684242982,-8.4,4.415,9.191,bm3_M177A
219,7,10.568659139171816,-8.3,4.545,9.392999999999999,bm3_M177A
220,3,10.742010426358746,-8.3,4.128,8.961,bm3_M177A
221,5,10.476424199124434,-8.2,2.762,5.012,bm3_M177A
222,2,10.682827434719703,-8.0,3.676,8.502,bm3_M177A
223,6,11.085867850556403,-7.9,3.452,5.928,bm3_M177A
224,4,12.781870285681983,-7.8,4.524,7.087999999999999,bm3_M177A
225,1,8.422944853197128,-9.2,0.0,0.0,bm3_M354A
226,9,12.061065624562366,-9.1,3.014,4.748,bm3_M354A
227,8,7.8843113205910385,-8.7,3.085,8.5,bm3_M354A
228,7,10.0850247396821,-8.6,2.008,2.99,bm3_M354A
229,3,11.587504002156807,-8.6,3.532,5.118,bm3_M354A
230,5,10.388003946861016,-8.5,2.097,2.772,bm3_M354A
231,2,9.05569793003278,-8.5,2.242,3.944,bm3_M354A
232,6,10.011546533877771,-8.3,2.3209999999999997,3.4739999999999998,bm3_M354A
233,4,12.798704661019412,-8.2,4.107,5.992000000000001,bm3_M354A
234,1,8.269283403052526,-8.7,0.0,0.0,bm3_N95A
235,9,13.706678262803136,-8.4,4.32,7.056,bm3_N95A
236,8,10.600170470327352,-8.4,2.8939999999999997,5.4079999999999995,bm3_N95A
237,7,12.073165533529307,-8.3,3.6689999999999996,6.11,bm3_N95A
238,3,11.071889134199276,-8.1,3.3539999999999996,5.862,bm3_N95A
239,5,9.331035848178916,-8.0,2.3409999999999997,4.409,bm3_N95A
240,2,10.705741310156899,-8.0,3.74,8.726,bm3_N95A
241,6,11.27191900254788,-8.0,4.546,9.452,bm3_N95A
242,4,12.810151013942031,-7.8,4.461,7.058,bm3_N95A
243,1,8.197911014398729,-8.7,0.0,0.0,bm3_P329A
244,9,10.409728814911558,-8.7,4.573,9.15,bm3_P329A
245,8,10.684381123864872,-8.6,3.47,5.973,bm3_P329A
246,7,12.220659433925812,-8.2,3.8310000000000004,6.245,bm3_P329A
247,3,8.972539272691982,-8.2,1.7380000000000002,2.574,bm3_P329A
248,5,10.495042067566951,-8.2,2.888,5.126,bm3_P329A
249,2,8.162207176983443,-8.2,2.124,4.088,bm3_P329A
250,6,11.482227745520467,-7.8,3.429,5.848,bm3_P329A
251,4,12.65950741537758,-7.8,4.5169999999999995,7.02,bm3_P329A
252,1,8.327474647214485,-8.9,0.0,0.0,bm3_Q73A
253,9,10.49170153025714,-8.7,3.201,5.553,bm3_Q73A
254,8,13.92871210844707,-8.7,4.399,7.025,bm3_Q73A
255,7,9.339274918322085,-8.5,2.353,4.209,bm3_Q73A
256,3,8.252287501050844,-8.4,2.106,4.042,bm3_Q73A
257,5,10.474313820007495,-8.3,2.705,4.952,bm3_Q73A
258,2,8.937715423977204,-8.1,1.841,2.485,bm3_Q73A
259,6,11.05115043785035,-8.1,3.1180000000000003,5.565,bm3_Q73A
260,4,10.60251116481374,-8.0,3.5839999999999996,8.481,bm3_Q73A
261,1,9.205646147881202,-8.7,0.0,0.0,bm3_R47A
262,9,11.164104173645102,-8.7,4.329,9.279,bm3_R47A
263,8,11.317039807299436,-8.6,4.516,9.667,bm3_R47A
264,7,13.908203370673005,-8.6,4.373,6.281000000000001,bm3_R47A
265,3,10.495483838299213,-8.4,3.112,5.0,bm3_R47A
266,5,9.760647980538995,-8.3,1.224,2.063,bm3_R47A
267,2,10.642364445930236,-8.2,3.792,8.902000000000001,bm3_R47A
268,6,10.66013771017992,-8.2,3.6710000000000003,5.394,bm3_R47A
269,4,10.941298688912573,-8.1,3.444,5.409,bm3_R47A
270,1,8.093532912146586,-8.7,0.0,0.0,bm3_R50A
271,9,8.193389591615913,-8.6,3.56,8.041,bm3_R50A
272,8,10.804371800340824,-8.3,3.282,5.596,bm3_R50A
273,7,10.885404677824338,-8.3,3.14,5.59,bm3_R50A
274,3,12.837334536421492,-8.3,4.559,7.122999999999999,bm3_R50A
275,5,10.203380714253488,-8.3,2.571,4.819,bm3_R50A
276,2,8.942736773493893,-8.2,1.8259999999999998,2.551,bm3_R50A
277,6,8.546374728503306,-7.9,2.22,4.148,bm3_R50A
278,4,10.766774540223269,-7.8,4.143,8.981,bm3_R50A
279,1,8.189463169219335,-8.8,0.0,0.0,bm3_R79A
280,9,11.062822515072725,-8.4,4.638999999999999,9.464,bm3_R79A
281,8,12.621913959459556,-8.4,4.522,7.371,bm3_R79A
282,7,10.15720104162559,-8.3,2.56,4.863,bm3_R79A
283,3,10.497370003958133,-8.2,2.795,5.021,bm3_R79A
284,5,12.444894455157103,-8.2,3.8939999999999997,6.394,bm3_R79A
285,2,12.834685114953153,-8.1,4.617,7.126,bm3_R79A
286,6,10.755640287774595,-8.0,4.12,8.924,bm3_R79A
287,4,11.066826283989462,-7.9,3.478,5.949,bm3_R79A
288,1,9.149148703567999,-8.8,0.0,0.0,bm3_S53A
289,9,10.741844767077954,-8.6,4.3180000000000005,9.227,bm3_S53A
290,8,11.36060649789438,-8.4,4.54,9.583,bm3_S53A
291,7,9.827914020787933,-8.3,3.227,5.003,bm3_S53A
292,3,13.996573973655124,-8.2,4.42,6.182,bm3_S53A
293,5,5.974478470962968,-8.2,2.2030000000000003,4.227,bm3_S53A
294,2,11.038103732072823,-8.2,3.4419999999999997,5.322,bm3_S53A
295,6,13.427790808617775,-8.1,4.199,5.895,bm3_S53A
296,4,13.924649403126818,-8.0,4.394,6.28,bm3_S53A
297,1,8.118527206334903,-9.2,0.0,0.0,bm3_T260A
298,9,13.74223508021894,-9.2,4.204,6.773,bm3_T260A
299,8,11.26830102544301,-9.1,4.5569999999999995,9.493,bm3_T260A
300,7,11.136439062824348,-8.9,3.36,5.88,bm3_T260A
301,3,9.055013252337071,-8.9,1.8719999999999999,2.539,bm3_T260A
302,5,12.869888733007755,-8.9,4.427,7.101,bm3_T260A
303,2,8.164588477075867,-8.8,2.086,4.0280000000000005,bm3_T260A
304,6,10.18751873617909,-8.5,2.484,4.774,bm3_T260A
305,4,10.606715891358641,-8.5,3.685,8.664,bm3_T260A
306,1,8.191878478102565,-8.8,0.0,0.0,bm3_T268A
307,9,12.962513066531505,-8.5,4.156000000000001,6.771,bm3_T268A
308,8,9.624570276121421,-8.3,2.9539999999999997,5.167999999999999,bm3_T268A
309,7,12.199227926389439,-8.2,3.685,6.111000000000001,bm3_T268A
310,3,12.70010728301143,-8.1,4.519,7.069,bm3_T268A
311,5,10.528302284794067,-8.1,3.215,5.787999999999999,bm3_T268A
312,2,10.498808313327755,-8.1,2.8489999999999998,5.104,bm3_T268A
313,6,6.142925361747447,-8.0,1.676,3.7739999999999996,bm3_T268A
314,4,8.12296946935048,-7.9,2.244,4.308,bm3_T268A
315,1,8.2885495112233,-8.6,0.0,0.0,bm3_T327A
316,9,12.629647065535915,-8.5,4.212,7.1,bm3_T327A
317,8,11.129040659463868,-8.4,3.4389999999999996,5.959,bm3_T327A
318,7,12.80057459647808,-8.4,4.011,6.602,bm3_T327A
319,3,12.801418476090841,-8.3,4.49,7.0760000000000005,bm3_T327A
320,5,10.657145349482665,-8.3,3.693,8.561,bm3_T327A
321,2,9.130597954132028,-8.3,1.76,2.497,bm3_T327A
322,6,10.344735762695924,-8.2,2.728,4.997,bm3_T327A
323,4,7.97934051159618,-8.0,2.042,4.046,bm3_T327A
324,1,8.49889139829425,-8.6,0.0,0.0,bm3_T436A
325,9,12.054509280762947,-8.4,4.36,9.322000000000001,bm3_T436A
326,8,13.544141907112461,-8.4,4.01,6.59,bm3_T436A
327,7,10.634551518517366,-8.3,4.306,9.335,bm3_T436A
328,3,10.564619302180274,-8.2,3.5210000000000004,8.485,bm3_T436A
329,5,14.092279091758012,-8.1,4.3660000000000005,7.138,bm3_T436A
330,2,8.252460057461654,-8.0,2.19,4.145,bm3_T436A
331,6,10.34502754950416,-8.0,3.0,5.296,bm3_T436A
332,4,11.0749629796221,-7.8,3.236,5.746,bm3_T436A
333,1,8.760310097251125,-9.5,0.0,0.0,bm3_T438A
334,9,10.453590244504518,-9.2,3.925,9.335,bm3_T438A
335,8,10.092421612279184,-8.3,3.1839999999999997,8.375,bm3_T438A
336,7,11.000297586883729,-8.3,3.515,5.472,bm3_T438A
337,3,9.949153230300555,-8.2,2.37,6.114,bm3_T438A
338,5,10.615508419289204,-8.1,3.125,5.046,bm3_T438A
339,2,8.601661409286,-8.1,1.0659999999999998,1.676,bm3_T438A
340,6,8.99168226751813,-7.9,3.253,8.33,bm3_T438A
341,4,12.760180641354575,-7.7,4.532,6.324,bm3_T438A
342,1,8.15673531506325,-8.8,0.0,0.0,bm3_T49A
343,9,12.860385297494005,-8.6,4.263999999999999,7.138999999999999,bm3_T49A
344,8,11.107762781046418,-8.4,3.523,6.039,bm3_T49A
345,7,6.204566302329277,-8.4,1.68,3.782,bm3_T49A
346,3,10.74068317194023,-8.3,3.7089999999999996,8.511000000000001,bm3_T49A
347,5,8.464946190023891,-8.3,2.285,4.3660000000000005,bm3_T49A
348,2,9.053578132429188,-8.2,1.8219999999999998,2.637,bm3_T49A
349,6,12.707904547957543,-8.2,4.5169999999999995,7.086,bm3_T49A
350,4,10.465971049071367,-7.9,2.779,5.066,bm3_T49A
351,1,9.007893760474756,-8.6,0.0,0.0,bm3_V48A
352,9,8.046217620720933,-8.5,3.7689999999999997,8.674,bm3_V48A
353,8,5.1057090594745,-8.5,2.72,7.44,bm3_V48A
354,7,10.613966318017031,-8.4,3.332,4.613,bm3_V48A
355,3,12.685082971742835,-8.3,4.314,6.142,bm3_V48A
356,5,11.25603562538783,-8.2,3.603,5.417000000000001,bm3_V48A
357,2,10.56313012321632,-8.0,3.595,8.827,bm3_V48A
358,6,8.825214048395654,-7.9,2.827,4.618,bm3_V48A
359,4,10.264164749262356,-7.8,2.843,4.677,bm3_V48A
360,1,8.216044790530294,-8.6,0.0,0.0,bm3_V78A
361,9,14.05606491874593,-8.5,4.537,7.178999999999999,bm3_V78A
362,8,5.6280274519586335,-8.4,1.9080000000000001,3.96,bm3_V78A
363,7,12.252841303142715,-8.3,3.57,6.196000000000001,bm3_V78A
364,3,9.043964230358279,-8.3,1.805,2.498,bm3_V78A
365,5,11.074316276863327,-8.3,3.409,5.859,bm3_V78A
366,2,10.600975190990685,-8.0,3.5669999999999997,8.429,bm3_V78A
367,6,8.28405003606328,-8.0,2.0580000000000003,4.026,bm3_V78A
368,4,10.434079259810133,-7.9,2.7510000000000003,5.025,bm3_V78A
369,1,6.337771453752495,-8.7,0.0,0.0,bm3_V87A
370,9,10.67530275917269,-8.6,3.531,8.504,bm3_V87A
371,8,9.306287498245474,-8.4,3.554,8.013,bm3_V87A
372,7,10.145818054745511,-8.4,3.242,5.321000000000001,bm3_V87A
373,3,12.569067149156298,-8.3,4.216,6.814,bm3_V87A
374,5,12.4713717769939,-8.2,3.77,6.4079999999999995,bm3_V87A
375,2,8.807118598043289,-8.2,1.79,4.033,bm3_V87A
376,6,12.013807847639317,-8.0,3.6710000000000003,6.189,bm3_V87A
377,4,7.896280200195532,-8.0,2.052,4.064,bm3_V87A
378,1,8.262179555056887,-8.8,0.0,0.0,bm3_Y51A
379,9,10.793092466943845,-8.7,3.8789999999999996,8.798,bm3_Y51A
380,8,12.28237147296889,-8.5,3.553,6.037000000000001,bm3_Y51A
381,7,10.360035424649862,-8.2,2.62,4.947,bm3_Y51A
382,3,8.433597808764654,-8.1,2.0669999999999997,4.013,bm3_Y51A
383,5,10.617491888388706,-8.1,3.4419999999999997,8.332,bm3_Y51A
384,2,9.071469175387193,-8.1,1.903,2.5780000000000003,bm3_Y51A
385,6,10.819189156309267,-8.1,2.8480000000000003,5.425,bm3_Y51A
386,4,9.541742503337638,-7.9,1.548,1.9069999999999998,bm3_Y51A
